UniProtID,peptides,well,value
A0A089QKZ7,2,A1,9.248416901
A0A089QKZ7,2,A2,
A0A089QKZ7,2,A3,5.801034927
A0A089QKZ7,2,A4,21.79184341
A0A089QKZ7,2,A5,24.42641068
A0A089QKZ7,2,A6,17.50643921
A0A089QKZ7,2,A7,137.5836792
A0A089QKZ7,2,A8,57.03365326
A0A089QKZ7,2,A9,5.371068954
A0A089QKZ7,2,A10,17.84466171
A0A089QKZ7,2,A11,13.97819519
A0A089QKZ7,2,A12,12.82297802
A0A089QKZ7,2,B1,15.67320538
A0A089QKZ7,2,B2,
A0A089QKZ7,2,B3,13.71748734
A0A089QKZ7,2,B4,5.567368984
A0A089QKZ7,2,B5,
A0A089QKZ7,2,B6,2.466981649
A0A089QKZ7,2,B7,14.55288219
A0A089QKZ7,2,B8,24.35826492
A0A089QKZ7,2,B9,10.23497963
A0A089QKZ7,2,B10,200.7505646
A0A089QKZ7,2,B11,9.478336334
A0A089QKZ7,2,B12,34.13327408
A0A089QKZ7,2,C1,32.87664413
A0A089QKZ7,2,C2,5.898053646
A0A089QKZ7,2,C3,6.479154587
A0A089QKZ7,2,C4,
A0A089QKZ7,2,C5,3.904714823
A0A089QKZ7,2,C6,11.81684113
A0A089QKZ7,2,C7,2.108548403
A0A089QKZ7,2,C8,2.53263998
A0A089QKZ7,2,C9,84.97489166
A0A089QKZ7,2,C10,3.741825342
A0A089QKZ7,2,C11,54.00919724
A0A089QKZ7,2,C12,28.26119232
A0A089QKZ7,2,D1,28.28539467
A0A089QKZ7,2,D2,6.501648903
A0A089QKZ7,2,D3,2.848433495
A0A089QRB9,84,A1,322.8649597
A0A089QRB9,84,A2,392.9540405
A0A089QRB9,84,A3,371.4241028
A0A089QRB9,84,A4,292.5583801
A0A089QRB9,84,A5,327.9518738
A0A089QRB9,84,A6,293.90802
A0A089QRB9,84,A7,428.0709839
A0A089QRB9,84,A8,495.5571594
A0A089QRB9,84,A9,307.0367737
A0A089QRB9,84,A10,351.2462769
A0A089QRB9,84,A11,390.0846252
A0A089QRB9,84,A12,442.4369812
A0A089QRB9,84,B1,249.0167694
A0A089QRB9,84,B2,247.2155914
A0A089QRB9,84,B3,336.6618042
A0A089QRB9,84,B4,315.8813782
A0A089QRB9,84,B5,315.7553711
A0A089QRB9,84,B6,163.7675934
A0A089QRB9,84,B7,282.8955078
A0A089QRB9,84,B8,312.4273376
A0A089QRB9,84,B9,276.2635193
A0A089QRB9,84,B10,291.7875366
A0A089QRB9,84,B11,338.2254333
A0A089QRB9,84,B12,340.2876892
A0A089QRB9,84,C1,347.4583435
A0A089QRB9,84,C2,289.2479248
A0A089QRB9,84,C3,372.9485168
A0A089QRB9,84,C4,257.498291
A0A089QRB9,84,C5,349.7191772
A0A089QRB9,84,C6,292.4796143
A0A089QRB9,84,C7,333.9190674
A0A089QRB9,84,C8,312.5283508
A0A089QRB9,84,C9,465.84021
A0A089QRB9,84,C10,290.6156006
A0A089QRB9,84,C11,417.3815613
A0A089QRB9,84,C12,248.9955139
A0A089QRB9,84,D1,379.9072571
A0A089QRB9,84,D2,376.1565857
A0A089QRB9,84,D3,272.6260986
I6WXK4,18,A1,934.8442993
I6WXK4,18,A2,765.3549194
I6WXK4,18,A3,923.6552734
I6WXK4,18,A4,943.4849243
I6WXK4,18,A5,888.5291748
I6WXK4,18,A6,912.5183105
I6WXK4,18,A7,876.5904541
I6WXK4,18,A8,931.7306519
I6WXK4,18,A9,940.999939
I6WXK4,18,A10,934.0245361
I6WXK4,18,A11,681.0706177
I6WXK4,18,A12,830.9017944
I6WXK4,18,B1,962.6478882
I6WXK4,18,B2,952.8139648
I6WXK4,18,B3,712.425293
I6WXK4,18,B4,812.708313
I6WXK4,18,B5,965.7563477
I6WXK4,18,B6,1134.358887
I6WXK4,18,B7,838.2144775
I6WXK4,18,B8,725.9848633
I6WXK4,18,B9,841.8641357
I6WXK4,18,B10,660.4747314
I6WXK4,18,B11,548.6625366
I6WXK4,18,B12,764.2537231
I6WXK4,18,C1,796.6012573
I6WXK4,18,C2,925.5501099
I6WXK4,18,C3,812.4185791
I6WXK4,18,C4,853.9439697
I6WXK4,18,C5,860.965332
I6WXK4,18,C6,998.9434204
I6WXK4,18,C7,973.5864258
I6WXK4,18,C8,844.0438232
I6WXK4,18,C9,716.21521
I6WXK4,18,C10,877.0650635
I6WXK4,18,C11,810.7720337
I6WXK4,18,C12,907.4956665
I6WXK4,18,D1,781.5219116
I6WXK4,18,D2,924.4227905
I6WXK4,18,D3,919.3342285
I6WYU2,9,A1,132.8482513
I6WYU2,9,A2,182.0299377
I6WYU2,9,A3,161.8543549
I6WYU2,9,A4,213.7013702
I6WYU2,9,A5,232.7439575
I6WYU2,9,A6,225.4453735
I6WYU2,9,A7,176.9972687
I6WYU2,9,A8,252.0811768
I6WYU2,9,A9,204.391037
I6WYU2,9,A10,238.702301
I6WYU2,9,A11,166.8209076
I6WYU2,9,A12,99.27690125
I6WYU2,9,B1,176.6833649
I6WYU2,9,B2,221.4248047
I6WYU2,9,B3,135.892868
I6WYU2,9,B4,244.0648193
I6WYU2,9,B5,244.6252899
I6WYU2,9,B6,250.6995087
I6WYU2,9,B7,226.2105408
I6WYU2,9,B8,165.7834778
I6WYU2,9,B9,195.0786438
I6WYU2,9,B10,396.9111328
I6WYU2,9,B11,163.1951447
I6WYU2,9,B12,228.8936615
I6WYU2,9,C1,188.0044098
I6WYU2,9,C2,230.076004
I6WYU2,9,C3,228.2110748
I6WYU2,9,C4,252.9774628
I6WYU2,9,C5,201.9720764
I6WYU2,9,C6,321.4963074
I6WYU2,9,C7,290.9319458
I6WYU2,9,C8,311.7759705
I6WYU2,9,C9,162.138504
I6WYU2,9,C10,97.79532623
I6WYU2,9,C11,165.134491
I6WYU2,9,C12,202.5732422
I6WYU2,9,D1,184.8403015
I6WYU2,9,D2,234.9878693
I6WYU2,9,D3,284.4673767
I6WYY7,9,A1,4316.530762
I6WYY7,9,A2,3432.6875
I6WYY7,9,A3,3953.174072
I6WYY7,9,A4,3811.450195
I6WYY7,9,A5,4036.943604
I6WYY7,9,A6,3716.711182
I6WYY7,9,A7,5746.812988
I6WYY7,9,A8,5748.343262
I6WYY7,9,A9,3894.468262
I6WYY7,9,A10,3555.816406
I6WYY7,9,A11,4838.476074
I6WYY7,9,A12,3964.209961
I6WYY7,9,B1,4090.475586
I6WYY7,9,B2,3355.015137
I6WYY7,9,B3,4091.675537
I6WYY7,9,B4,3543.186768
I6WYY7,9,B5,3482.489258
I6WYY7,9,B6,2493.854736
I6WYY7,9,B7,4737.01709
I6WYY7,9,B8,4378.375977
I6WYY7,9,B9,3500.676758
I6WYY7,9,B10,4223.554688
I6WYY7,9,B11,6324.333496
I6WYY7,9,B12,4320.588867
I6WYY7,9,C1,4146.533203
I6WYY7,9,C2,3628.341309
I6WYY7,9,C3,3579.951172
I6WYY7,9,C4,4736.492676
I6WYY7,9,C5,4344.632324
I6WYY7,9,C6,3958.688965
I6WYY7,9,C7,4219.686035
I6WYY7,9,C8,5329.821289
I6WYY7,9,C9,8337.475586
I6WYY7,9,C10,3815.422119
I6WYY7,9,C11,5113.195313
I6WYY7,9,C12,3677.383789
I6WYY7,9,D1,6187.293945
I6WYY7,9,D2,4465.828613
I6WYY7,9,D3,3794.854248
I6WZ30,3,A1,110.408844
I6WZ30,3,A2,149.8357544
I6WZ30,3,A3,146.269043
I6WZ30,3,A4,284.5923767
I6WZ30,3,A5,114.3652344
I6WZ30,3,A6,114.8844528
I6WZ30,3,A7,251.9936676
I6WZ30,3,A8,183.1486664
I6WZ30,3,A9,183.3847656
I6WZ30,3,A10,124.9329224
I6WZ30,3,A11,191.2284088
I6WZ30,3,A12,179.8901978
I6WZ30,3,B1,230.3698883
I6WZ30,3,B2,162.8857117
I6WZ30,3,B3,138.3492432
I6WZ30,3,B4,168.1064758
I6WZ30,3,B5,119.3867645
I6WZ30,3,B6,128.143631
I6WZ30,3,B7,177.3220825
I6WZ30,3,B8,170.4752655
I6WZ30,3,B9,218.2248535
I6WZ30,3,B10,201.9835968
I6WZ30,3,B11,277.8312378
I6WZ30,3,B12,170.1965942
I6WZ30,3,C1,136.0151672
I6WZ30,3,C2,130.8493042
I6WZ30,3,C3,157.3582764
I6WZ30,3,C4,109.977623
I6WZ30,3,C5,136.6346283
I6WZ30,3,C6,119.7211456
I6WZ30,3,C7,116.9139252
I6WZ30,3,C8,283.6479797
I6WZ30,3,C9,246.2180023
I6WZ30,3,C10,196.1360474
I6WZ30,3,C11,168.5175781
I6WZ30,3,C12,155.3450623
I6WZ30,3,D1,231.4845428
I6WZ30,3,D2,128.9509583
I6WZ30,3,D3,132.0695953
I6WZ58,8,A1,204.9822235
I6WZ58,8,A2,198.0665436
I6WZ58,8,A3,289.1300354
I6WZ58,8,A4,195.9824524
I6WZ58,8,A5,236.9781647
I6WZ58,8,A6,214.9252014
I6WZ58,8,A7,307.622345
I6WZ58,8,A8,374.6121216
I6WZ58,8,A9,221.1793671
I6WZ58,8,A10,238.3621368
I6WZ58,8,A11,311.8006287
I6WZ58,8,A12,318.0479126
I6WZ58,8,B1,208.4785004
I6WZ58,8,B2,259.4492493
I6WZ58,8,B3,255.1075134
I6WZ58,8,B4,177.1532288
I6WZ58,8,B5,236.9709015
I6WZ58,8,B6,196.7183228
I6WZ58,8,B7,309.0053711
I6WZ58,8,B8,261.1833191
I6WZ58,8,B9,259.6852112
I6WZ58,8,B10,225.6809387
I6WZ58,8,B11,340.9521179
I6WZ58,8,B12,235.6274567
I6WZ58,8,C1,299.4909058
I6WZ58,8,C2,267.7419739
I6WZ58,8,C3,207.9366455
I6WZ58,8,C4,295.2287292
I6WZ58,8,C5,243.2875519
I6WZ58,8,C6,212.4862213
I6WZ58,8,C7,262.7442932
I6WZ58,8,C8,281.6273193
I6WZ58,8,C9,322.5764771
I6WZ58,8,C10,225.4615021
I6WZ58,8,C11,231.4302826
I6WZ58,8,C12,218.5876617
I6WZ58,8,D1,237.8138275
I6WZ58,8,D2,250.6556091
I6WZ58,8,D3,238.8442841
I6WZ83,9,A1,250.3595734
I6WZ83,9,A2,207.5975189
I6WZ83,9,A3,225.3875732
I6WZ83,9,A4,242.7906799
I6WZ83,9,A5,216.7253571
I6WZ83,9,A6,210.2532654
I6WZ83,9,A7,199.2328186
I6WZ83,9,A8,201.152359
I6WZ83,9,A9,196.5123291
I6WZ83,9,A10,250.5121002
I6WZ83,9,A11,267.7593079
I6WZ83,9,A12,232.6122742
I6WZ83,9,B1,187.4433136
I6WZ83,9,B2,243.2825928
I6WZ83,9,B3,201.8351288
I6WZ83,9,B4,210.2775116
I6WZ83,9,B5,239.2410431
I6WZ83,9,B6,264.3787537
I6WZ83,9,B7,228.0554657
I6WZ83,9,B8,227.8336487
I6WZ83,9,B9,196.1835938
I6WZ83,9,B10,
I6WZ83,9,B11,373.4911194
I6WZ83,9,B12,197.941391
I6WZ83,9,C1,255.5944214
I6WZ83,9,C2,218.2897797
I6WZ83,9,C3,181.0962982
I6WZ83,9,C4,284.5226746
I6WZ83,9,C5,242.8613434
I6WZ83,9,C6,209.0203705
I6WZ83,9,C7,230.6722412
I6WZ83,9,C8,260.1553345
I6WZ83,9,C9,205.4549866
I6WZ83,9,C10,207.2614441
I6WZ83,9,C11,202.0481873
I6WZ83,9,C12,227.7068939
I6WZ83,9,D1,229.4524078
I6WZ83,9,D2,202.1298523
I6WZ83,9,D3,247.6405945
I6WZD7,7,A1,28.29437637
I6WZD7,7,A2,50.65772247
I6WZD7,7,A3,73.04918671
I6WZD7,7,A4,120.7400818
I6WZD7,7,A5,32.47370148
I6WZD7,7,A6,37.74757385
I6WZD7,7,A7,151.2661438
I6WZD7,7,A8,199.7642212
I6WZD7,7,A9,19.82883835
I6WZD7,7,A10,40.58568192
I6WZD7,7,A11,79.65852356
I6WZD7,7,A12,155.0904694
I6WZD7,7,B1,162.6507111
I6WZD7,7,B2,168.6538391
I6WZD7,7,B3,220.7764435
I6WZD7,7,B4,250.8681793
I6WZD7,7,B5,392.2708435
I6WZD7,7,B6,156.2581329
I6WZD7,7,B7,202.7660522
I6WZD7,7,B8,219.9676514
I6WZD7,7,B9,199.4209595
I6WZD7,7,B10,703.4447632
I6WZD7,7,B11,220.519104
I6WZD7,7,B12,174.3156281
I6WZD7,7,C1,196.8688812
I6WZD7,7,C2,243.9103241
I6WZD7,7,C3,239.4351501
I6WZD7,7,C4,292.3762817
I6WZD7,7,C5,251.5563965
I6WZD7,7,C6,237.7410889
I6WZD7,7,C7,363.9686584
I6WZD7,7,C8,388.9582825
I6WZD7,7,C9,630.2734985
I6WZD7,7,C10,67.53883362
I6WZD7,7,C11,108.284729
I6WZD7,7,C12,69.16986084
I6WZD7,7,D1,341.8982849
I6WZD7,7,D2,300.387085
I6WZD7,7,D3,314.8503113
I6WZD9,11,A1,133.5119019
I6WZD9,11,A2,142.4378052
I6WZD9,11,A3,186.6624451
I6WZD9,11,A4,207.6092987
I6WZD9,11,A5,151.8014832
I6WZD9,11,A6,150.6868134
I6WZD9,11,A7,237.2586823
I6WZD9,11,A8,197.5106354
I6WZD9,11,A9,143.5458527
I6WZD9,11,A10,197.6161804
I6WZD9,11,A11,171.1255341
I6WZD9,11,A12,196.1755829
I6WZD9,11,B1,172.2787018
I6WZD9,11,B2,218.3842163
I6WZD9,11,B3,172.5888672
I6WZD9,11,B4,188.7388458
I6WZD9,11,B5,253.778244
I6WZD9,11,B6,233.3525391
I6WZD9,11,B7,167.4761505
I6WZD9,11,B8,155.9038086
I6WZD9,11,B9,167.6815033
I6WZD9,11,B10,
I6WZD9,11,B11,263.6619873
I6WZD9,11,B12,178.4782867
I6WZD9,11,C1,189.3858185
I6WZD9,11,C2,209.7922668
I6WZD9,11,C3,187.109436
I6WZD9,11,C4,248.8736267
I6WZD9,11,C5,191.3119812
I6WZD9,11,C6,177.3681183
I6WZD9,11,C7,194.9720001
I6WZD9,11,C8,169.8972931
I6WZD9,11,C9,197.5254059
I6WZD9,11,C10,162.0600586
I6WZD9,11,C11,199.3400574
I6WZD9,11,C12,177.2674255
I6WZD9,11,D1,184.7043457
I6WZD9,11,D2,227.3539276
I6WZD9,11,D3,190.3482208
I6WZG6,21,A1,1134.533203
I6WZG6,21,A2,1030.404297
I6WZG6,21,A3,1007.096497
I6WZG6,21,A4,735.7415161
I6WZG6,21,A5,948.2495728
I6WZG6,21,A6,885.6716919
I6WZG6,21,A7,1084.702148
I6WZG6,21,A8,1058.00293
I6WZG6,21,A9,950.9169922
I6WZG6,21,A10,877.6655884
I6WZG6,21,A11,1094.577148
I6WZG6,21,A12,1037.057739
I6WZG6,21,B1,973.0220947
I6WZG6,21,B2,783.5641479
I6WZG6,21,B3,976.5704346
I6WZG6,21,B4,846.8798828
I6WZG6,21,B5,768.7712402
I6WZG6,21,B6,638.4522095
I6WZG6,21,B7,990.6290894
I6WZG6,21,B8,912.2224121
I6WZG6,21,B9,891.171875
I6WZG6,21,B10,924.5528564
I6WZG6,21,B11,1561.21582
I6WZG6,21,B12,1080.384888
I6WZG6,21,C1,1105.656738
I6WZG6,21,C2,898.1524658
I6WZG6,21,C3,857.3140869
I6WZG6,21,C4,682.163208
I6WZG6,21,C5,760.7003174
I6WZG6,21,C6,605.6687622
I6WZG6,21,C7,620.2455444
I6WZG6,21,C8,677.6652832
I6WZG6,21,C9,1185.432861
I6WZG6,21,C10,946.1699219
I6WZG6,21,C11,1023.066223
I6WZG6,21,C12,906.5527344
I6WZG6,21,D1,1117.365723
I6WZG6,21,D2,843.4625244
I6WZG6,21,D3,842.0335083
I6WZH9,13,A1,228.8982544
I6WZH9,13,A2,218.3068695
I6WZH9,13,A3,244.0454407
I6WZH9,13,A4,185.5922089
I6WZH9,13,A5,213.5406036
I6WZH9,13,A6,210.9058533
I6WZH9,13,A7,285.7995911
I6WZH9,13,A8,247.9861603
I6WZH9,13,A9,196.917511
I6WZH9,13,A10,202.3874512
I6WZH9,13,A11,216.4131012
I6WZH9,13,A12,191.4329834
I6WZH9,13,B1,208.916626
I6WZH9,13,B2,197.9499359
I6WZH9,13,B3,200.4171143
I6WZH9,13,B4,199.2446899
I6WZH9,13,B5,146.142746
I6WZH9,13,B6,186.068573
I6WZH9,13,B7,214.4292603
I6WZH9,13,B8,204.0857697
I6WZH9,13,B9,199.1726379
I6WZH9,13,B10,
I6WZH9,13,B11,323.3348694
I6WZH9,13,B12,199.743454
I6WZH9,13,C1,237.4515076
I6WZH9,13,C2,190.8654175
I6WZH9,13,C3,200.9745178
I6WZH9,13,C4,285.6946411
I6WZH9,13,C5,245.9755096
I6WZH9,13,C6,276.2845154
I6WZH9,13,C7,255.7724609
I6WZH9,13,C8,314.1318054
I6WZH9,13,C9,342.338501
I6WZH9,13,C10,186.7219391
I6WZH9,13,C11,274.7394409
I6WZH9,13,C12,196.1535034
I6WZH9,13,D1,208.2552185
I6WZH9,13,D2,180.85495
I6WZH9,13,D3,222.4464111
I6WZI4,12,A1,10.11506462
I6WZI4,12,A2,12.30192089
I6WZI4,12,A3,11.32634258
I6WZI4,12,A4,31.76146317
I6WZI4,12,A5,15.8265543
I6WZI4,12,A6,23.97479057
I6WZI4,12,A7,181.7445374
I6WZI4,12,A8,
I6WZI4,12,A9,17.63041687
I6WZI4,12,A10,20.38160896
I6WZI4,12,A11,16.01445961
I6WZI4,12,A12,8.706601143
I6WZI4,12,B1,15.77677059
I6WZI4,12,B2,38.56311417
I6WZI4,12,B3,13.78109837
I6WZI4,12,B4,23.65145683
I6WZI4,12,B5,22.66130638
I6WZI4,12,B6,27.67974472
I6WZI4,12,B7,41.59213638
I6WZI4,12,B8,19.80838394
I6WZI4,12,B9,14.91647053
I6WZI4,12,B10,
I6WZI4,12,B11,28.14400864
I6WZI4,12,B12,18.44662094
I6WZI4,12,C1,24.10913849
I6WZI4,12,C2,19.37861061
I6WZI4,12,C3,16.94430733
I6WZI4,12,C4,60.46089554
I6WZI4,12,C5,40.25408173
I6WZI4,12,C6,59.0878334
I6WZI4,12,C7,63.5505867
I6WZI4,12,C8,60.58056641
I6WZI4,12,C9,119.5162201
I6WZI4,12,C10,20.53053093
I6WZI4,12,C11,195.2080078
I6WZI4,12,C12,32.45166779
I6WZI4,12,D1,36.42811584
I6WZI4,12,D2,32.44262695
I6WZI4,12,D3,32.04862976
I6WZK7,4,A1,63.90830231
I6WZK7,4,A2,47.6924324
I6WZK7,4,A3,46.49489594
I6WZK7,4,A4,23.28410912
I6WZK7,4,A5,41.18893433
I6WZK7,4,A6,62.86349869
I6WZK7,4,A7,83.81359863
I6WZK7,4,A8,72.47000122
I6WZK7,4,A9,50.61972046
I6WZK7,4,A10,40.34837341
I6WZK7,4,A11,62.35305405
I6WZK7,4,A12,42.61167908
I6WZK7,4,B1,36.3106842
I6WZK7,4,B2,31.79878235
I6WZK7,4,B3,46.2963562
I6WZK7,4,B4,28.81264877
I6WZK7,4,B5,30.03250122
I6WZK7,4,B6,38.70995331
I6WZK7,4,B7,66.11346436
I6WZK7,4,B8,59.5615387
I6WZK7,4,B9,28.72627831
I6WZK7,4,B10,48.68915176
I6WZK7,4,B11,78.4833374
I6WZK7,4,B12,56.00157547
I6WZK7,4,C1,57.01612854
I6WZK7,4,C2,27.64491081
I6WZK7,4,C3,39.26745605
I6WZK7,4,C4,29.989151
I6WZK7,4,C5,59.16276932
I6WZK7,4,C6,50.14228058
I6WZK7,4,C7,36.87501907
I6WZK7,4,C8,56.5965004
I6WZK7,4,C9,92.05899048
I6WZK7,4,C10,45.80654526
I6WZK7,4,C11,50.4254837
I6WZK7,4,C12,24.01268005
I6WZK7,4,D1,37.32305145
I6WZK7,4,D2,34.2112999
I6WZK7,4,D3,24.8468132
I6WZM9,10,A1,1397.59668
I6WZM9,10,A2,1263.921753
I6WZM9,10,A3,1386.318604
I6WZM9,10,A4,1148.561279
I6WZM9,10,A5,1229.053467
I6WZM9,10,A6,1331.692749
I6WZM9,10,A7,1103.802979
I6WZM9,10,A8,960.8696289
I6WZM9,10,A9,1191.421143
I6WZM9,10,A10,1298.695435
I6WZM9,10,A11,1387.977539
I6WZM9,10,A12,1063.371094
I6WZM9,10,B1,1118.871338
I6WZM9,10,B2,1140.749634
I6WZM9,10,B3,1224.366455
I6WZM9,10,B4,1153.819702
I6WZM9,10,B5,1180.981567
I6WZM9,10,B6,1136.469727
I6WZM9,10,B7,1328.204834
I6WZM9,10,B8,1233.539307
I6WZM9,10,B9,1161.16687
I6WZM9,10,B10,1067.549561
I6WZM9,10,B11,1479.731689
I6WZM9,10,B12,1027.053467
I6WZM9,10,C1,1002.616089
I6WZM9,10,C2,945.4890137
I6WZM9,10,C3,1285.701294
I6WZM9,10,C4,1451.160156
I6WZM9,10,C5,1615.662231
I6WZM9,10,C6,1670.972046
I6WZM9,10,C7,1602.529785
I6WZM9,10,C8,1369.208008
I6WZM9,10,C9,1301.918945
I6WZM9,10,C10,1360.76355
I6WZM9,10,C11,1116.481323
I6WZM9,10,C12,1023.96344
I6WZM9,10,D1,1037.176758
I6WZM9,10,D2,1306.569824
I6WZM9,10,D3,1178.561768
I6WZS4,5,A1,80.17744446
I6WZS4,5,A2,49.95731735
I6WZS4,5,A3,59.89158249
I6WZS4,5,A4,42.83205414
I6WZS4,5,A5,75.53085327
I6WZS4,5,A6,49.58782578
I6WZS4,5,A7,100.870079
I6WZS4,5,A8,92.01226807
I6WZS4,5,A9,65.35438538
I6WZS4,5,A10,53.20510864
I6WZS4,5,A11,42.11356354
I6WZS4,5,A12,27.36462975
I6WZS4,5,B1,34.86856079
I6WZS4,5,B2,41.2480278
I6WZS4,5,B3,71.546875
I6WZS4,5,B4,34.94007492
I6WZS4,5,B5,35.25999069
I6WZS4,5,B6,57.18070984
I6WZS4,5,B7,71.92654419
I6WZS4,5,B8,58.16238785
I6WZS4,5,B9,44.63576126
I6WZS4,5,B10,
I6WZS4,5,B11,35.13146973
I6WZS4,5,B12,85.06408691
I6WZS4,5,C1,56.65363693
I6WZS4,5,C2,52.24303818
I6WZS4,5,C3,51.81923294
I6WZS4,5,C4,77.97252655
I6WZS4,5,C5,82.00788116
I6WZS4,5,C6,94.86719513
I6WZS4,5,C7,70.17037201
I6WZS4,5,C8,59.26313782
I6WZS4,5,C9,256.0911865
I6WZS4,5,C10,69.72845459
I6WZS4,5,C11,91.56713104
I6WZS4,5,C12,60.46539307
I6WZS4,5,D1,79.83630371
I6WZS4,5,D2,59.89638901
I6WZS4,5,D3,54.51794052
I6WZS8,12,A1,360.0151978
I6WZS8,12,A2,384.8229065
I6WZS8,12,A3,480.1268616
I6WZS8,12,A4,553.1564331
I6WZS8,12,A5,459.4642334
I6WZS8,12,A6,468.2877197
I6WZS8,12,A7,405.3789063
I6WZS8,12,A8,487.4197998
I6WZS8,12,A9,345.0566711
I6WZS8,12,A10,415.7989807
I6WZS8,12,A11,476.4102173
I6WZS8,12,A12,514.5668335
I6WZS8,12,B1,526.7973022
I6WZS8,12,B2,570.9926758
I6WZS8,12,B3,463.0039673
I6WZS8,12,B4,695.6159668
I6WZS8,12,B5,604.4922485
I6WZS8,12,B6,610.5770874
I6WZS8,12,B7,490.3027649
I6WZS8,12,B8,480.9118042
I6WZS8,12,B9,436.8460999
I6WZS8,12,B10,586.1781006
I6WZS8,12,B11,348.7599487
I6WZS8,12,B12,355.6793213
I6WZS8,12,C1,436.5733032
I6WZS8,12,C2,540.5716553
I6WZS8,12,C3,454.844574
I6WZS8,12,C4,517.3041382
I6WZS8,12,C5,373.1651611
I6WZS8,12,C6,400.2047424
I6WZS8,12,C7,394.747467
I6WZS8,12,C8,410.2925415
I6WZS8,12,C9,327.5675354
I6WZS8,12,C10,431.6239624
